"schema","table_name","policy_name","permissive","roles","cmd","qual","with_check","classification","expected","difference"
"public","ai_comments","ai_comments_delete","PERMISSIVE","{authenticated}","DELETE","(app_private.jwt_is_admin() AND app_private.can_access_clinic(clinic_id))",,"UNCLASSIFIED","UNDECIDED","UNKNOWN"
"public","ai_comments","ai_comments_insert","PERMISSIVE","{authenticated}","INSERT",,"((app_private.get_current_role() = ANY (ARRAY['admin'::text, 'clinic_admin'::text, 'manager'::text])) AND app_private.can_access_clinic(clinic_id))","UNCLASSIFIED","UNDECIDED","UNKNOWN"
"public","ai_comments","ai_comments_select","PERMISSIVE","{authenticated}","SELECT","((app_private.get_current_role() = ANY (ARRAY['admin'::text, 'clinic_admin'::text, 'manager'::text, 'therapist'::text, 'staff'::text])) AND app_private.can_access_clinic(clinic_id))",,"UNCLASSIFIED","UNDECIDED","UNKNOWN"
"public","ai_comments","ai_comments_update","PERMISSIVE","{authenticated}","UPDATE","((app_private.get_current_role() = ANY (ARRAY['admin'::text, 'clinic_admin'::text, 'manager'::text])) AND app_private.can_access_clinic(clinic_id))",,"UNCLASSIFIED","UNDECIDED","UNKNOWN"
"public","audit_logs","audit_logs_select_for_admins","PERMISSIVE","{authenticated}","SELECT","((app_private.get_current_role() = ANY (ARRAY['admin'::text, 'clinic_admin'::text])) AND (((clinic_id IS NOT NULL) AND app_private.can_access_clinic(clinic_id)) OR ((clinic_id IS NULL) AND app_private.jwt_is_admin())))",,"UNCLASSIFIED","UNDECIDED","UNKNOWN"
"public","beta_feedback","Admins can update feedback","PERMISSIVE","{authenticated}","UPDATE","((( SELECT app_private.get_current_role() AS get_current_role) = 'admin'::text) AND app_private.can_access_clinic(clinic_id))","((( SELECT app_private.get_current_role() AS get_current_role) = 'admin'::text) AND app_private.can_access_clinic(clinic_id))","UNCLASSIFIED","UNDECIDED","UNKNOWN"
"public","beta_feedback","Admins can view all feedback","PERMISSIVE","{authenticated}","SELECT","((( SELECT app_private.get_current_role() AS get_current_role) = 'admin'::text) AND app_private.can_access_clinic(clinic_id))",,"UNCLASSIFIED","UNDECIDED","UNKNOWN"
"public","beta_feedback","Users can insert their clinic feedback","PERMISSIVE","{authenticated}","INSERT",,"app_private.can_access_clinic(clinic_id)","UNCLASSIFIED","UNDECIDED","UNKNOWN"
"public","beta_feedback","Users can view their clinic feedback","PERMISSIVE","{authenticated}","SELECT","app_private.can_access_clinic(clinic_id)",,"UNCLASSIFIED","UNDECIDED","UNKNOWN"
"public","beta_usage_metrics","Admins can view all metrics","PERMISSIVE","{authenticated}","SELECT","((( SELECT app_private.get_current_role() AS get_current_role) = 'admin'::text) AND app_private.can_access_clinic(clinic_id))",,"UNCLASSIFIED","UNDECIDED","UNKNOWN"
"public","beta_usage_metrics","Users can view their clinic metrics","PERMISSIVE","{authenticated}","SELECT","app_private.can_access_clinic(clinic_id)",,"UNCLASSIFIED","UNDECIDED","UNKNOWN"
"public","blocks","blocks_delete_for_admin","PERMISSIVE","{authenticated}","DELETE","((app_private.get_current_role() = ANY (ARRAY['admin'::text, 'clinic_admin'::text])) AND app_private.can_access_clinic(clinic_id))",,"UNCLASSIFIED","UNDECIDED","UNKNOWN"
"public","blocks","blocks_insert_for_managers","PERMISSIVE","{authenticated}","INSERT",,"((app_private.get_current_role() = ANY (ARRAY['admin'::text, 'clinic_admin'::text, 'manager'::text])) AND app_private.can_access_clinic(clinic_id))","UNCLASSIFIED","UNDECIDED","UNKNOWN"
"public","blocks","blocks_select_for_staff","PERMISSIVE","{authenticated}","SELECT","((app_private.get_current_role() = ANY (ARRAY['admin'::text, 'clinic_admin'::text, 'manager'::text, 'therapist'::text, 'staff'::text])) AND app_private.can_access_clinic(clinic_id))",,"UNCLASSIFIED","UNDECIDED","UNKNOWN"
"public","blocks","blocks_update_for_managers","PERMISSIVE","{authenticated}","UPDATE","((app_private.get_current_role() = ANY (ARRAY['admin'::text, 'clinic_admin'::text, 'manager'::text])) AND app_private.can_access_clinic(clinic_id))",,"UNCLASSIFIED","UNDECIDED","UNKNOWN"
"public","calendar_feed_tokens","calendar_feed_tokens_select_scoped","PERMISSIVE","{authenticated}","SELECT","((app_private.get_current_role() = 'admin'::text) OR (created_by = ( SELECT auth.uid() AS uid)) OR ((feed_type = 'clinic'::text) AND (clinic_id IS NOT NULL) AND app_private.can_access_clinic(clinic_id)) OR ((feed_type = 'staff'::text) AND (staff_profile_id IS NOT NULL) AND (EXISTS ( SELECT 1
   FROM staff_profiles sp
  WHERE ((sp.id = calendar_feed_tokens.staff_profile_id) AND (sp.user_id = ( SELECT auth.uid() AS uid)))))) OR ((feed_type = 'staff'::text) AND (staff_profile_id IS NOT NULL) AND (EXISTS ( SELECT 1
   FROM staff_clinic_memberships scm
  WHERE ((scm.staff_profile_id = calendar_feed_tokens.staff_profile_id) AND app_private.can_access_clinic(scm.clinic_id))))))",,"UNCLASSIFIED","UNDECIDED","UNKNOWN"
"public","calendar_feed_tokens","calendar_feed_tokens_write_admin_only","PERMISSIVE","{authenticated}","ALL","(app_private.get_current_role() = 'admin'::text)","(app_private.get_current_role() = 'admin'::text)","UNCLASSIFIED","UNDECIDED","UNKNOWN"
"public","care_episodes","care_episodes_insert_for_staff","PERMISSIVE","{authenticated}","INSERT",,"((app_private.get_current_role() = ANY (ARRAY['admin'::text, 'clinic_admin'::text, 'manager'::text, 'therapist'::text, 'staff'::text])) AND app_private.can_access_clinic(clinic_id))","UNCLASSIFIED","UNDECIDED","UNKNOWN"
"public","care_episodes","care_episodes_select_for_staff","PERMISSIVE","{authenticated}","SELECT","((app_private.get_current_role() = ANY (ARRAY['admin'::text, 'clinic_admin'::text, 'manager'::text, 'therapist'::text, 'staff'::text])) AND app_private.can_access_clinic(clinic_id))",,"UNCLASSIFIED","UNDECIDED","UNKNOWN"
"public","care_episodes","care_episodes_update_for_staff","PERMISSIVE","{authenticated}","UPDATE","((app_private.get_current_role() = ANY (ARRAY['admin'::text, 'clinic_admin'::text, 'manager'::text, 'therapist'::text, 'staff'::text])) AND app_private.can_access_clinic(clinic_id))","((app_private.get_current_role() = ANY (ARRAY['admin'::text, 'clinic_admin'::text, 'manager'::text, 'therapist'::text, 'staff'::text])) AND app_private.can_access_clinic(clinic_id))","UNCLASSIFIED","UNDECIDED","UNKNOWN"
"public","chat_messages","chat_messages_insert","PERMISSIVE","{authenticated}","INSERT",,"(EXISTS ( SELECT 1
   FROM chat_sessions cs
  WHERE ((cs.id = chat_messages.session_id) AND ((cs.user_id = ( SELECT auth.uid() AS uid)) OR ((app_private.get_current_role() = ANY (ARRAY['admin'::text, 'clinic_admin'::text])) AND (cs.clinic_id IS NOT NULL) AND app_private.can_access_clinic(cs.clinic_id)) OR ((cs.clinic_id IS NULL) AND app_private.jwt_is_admin())))))","UNCLASSIFIED","UNDECIDED","UNKNOWN"
"public","chat_messages","chat_messages_select","PERMISSIVE","{authenticated}","SELECT","(EXISTS ( SELECT 1
   FROM chat_sessions cs
  WHERE ((cs.id = chat_messages.session_id) AND ((cs.user_id = ( SELECT auth.uid() AS uid)) OR ((app_private.get_current_role() = ANY (ARRAY['admin'::text, 'clinic_admin'::text])) AND (cs.clinic_id IS NOT NULL) AND app_private.can_access_clinic(cs.clinic_id)) OR ((cs.clinic_id IS NULL) AND app_private.jwt_is_admin())))))",,"UNCLASSIFIED","UNDECIDED","UNKNOWN"
"public","chat_sessions","chat_sessions_delete","PERMISSIVE","{authenticated}","DELETE","(((app_private.get_current_role() = ANY (ARRAY['admin'::text, 'clinic_admin'::text])) AND (clinic_id IS NOT NULL) AND app_private.can_access_clinic(clinic_id)) OR ((clinic_id IS NULL) AND app_private.jwt_is_admin()))",,"UNCLASSIFIED","UNDECIDED","UNKNOWN"
"public","chat_sessions","chat_sessions_insert","PERMISSIVE","{authenticated}","INSERT",,"(((user_id = ( SELECT auth.uid() AS uid)) AND (((clinic_id IS NOT NULL) AND app_private.can_access_clinic(clinic_id)) OR ((clinic_id IS NULL) AND app_private.jwt_is_admin()))) OR ((app_private.get_current_role() = ANY (ARRAY['admin'::text, 'clinic_admin'::text])) AND (clinic_id IS NOT NULL) AND app_private.can_access_clinic(clinic_id)) OR ((clinic_id IS NULL) AND app_private.jwt_is_admin()))","UNCLASSIFIED","UNDECIDED","UNKNOWN"
"public","chat_sessions","chat_sessions_select","PERMISSIVE","{authenticated}","SELECT","((user_id = ( SELECT auth.uid() AS uid)) OR ((app_private.get_current_role() = ANY (ARRAY['admin'::text, 'clinic_admin'::text])) AND (clinic_id IS NOT NULL) AND app_private.can_access_clinic(clinic_id)) OR ((clinic_id IS NULL) AND app_private.jwt_is_admin()))",,"UNCLASSIFIED","UNDECIDED","UNKNOWN"
"public","chat_sessions","chat_sessions_update","PERMISSIVE","{authenticated}","UPDATE","((user_id = ( SELECT auth.uid() AS uid)) OR ((app_private.get_current_role() = ANY (ARRAY['admin'::text, 'clinic_admin'::text])) AND (clinic_id IS NOT NULL) AND app_private.can_access_clinic(clinic_id)) OR ((clinic_id IS NULL) AND app_private.jwt_is_admin()))","(((user_id = ( SELECT auth.uid() AS uid)) AND (((clinic_id IS NOT NULL) AND app_private.can_access_clinic(clinic_id)) OR ((clinic_id IS NULL) AND app_private.jwt_is_admin()))) OR ((app_private.get_current_role() = ANY (ARRAY['admin'::text, 'clinic_admin'::text])) AND (clinic_id IS NOT NULL) AND app_private.can_access_clinic(clinic_id)) OR ((clinic_id IS NULL) AND app_private.jwt_is_admin()))","UNCLASSIFIED","UNDECIDED","UNKNOWN"
"public","clinic_feature_flags","clinic_feature_flags_select_scoped","PERMISSIVE","{authenticated}","SELECT","app_private.can_access_clinic(clinic_id)",,"UNCLASSIFIED","UNDECIDED","UNKNOWN"
"public","clinic_settings","clinic_settings_delete","PERMISSIVE","{authenticated}","DELETE","((app_private.get_current_role() = ANY (ARRAY['admin'::text, 'clinic_admin'::text])) AND app_private.can_access_clinic(clinic_id))",,"UNCLASSIFIED","UNDECIDED","UNKNOWN"
"public","clinic_settings","clinic_settings_insert","PERMISSIVE","{authenticated}","INSERT",,"((app_private.get_current_role() = ANY (ARRAY['admin'::text, 'clinic_admin'::text, 'manager'::text])) AND app_private.can_access_clinic(clinic_id))","UNCLASSIFIED","UNDECIDED","UNKNOWN"
"public","clinic_settings","clinic_settings_select","PERMISSIVE","{authenticated}","SELECT","((app_private.get_current_role() = ANY (ARRAY['admin'::text, 'clinic_admin'::text, 'manager'::text, 'therapist'::text, 'staff'::text])) AND app_private.can_access_clinic(clinic_id))",,"UNCLASSIFIED","UNDECIDED","UNKNOWN"
"public","clinic_settings","clinic_settings_update","PERMISSIVE","{authenticated}","UPDATE","((app_private.get_current_role() = ANY (ARRAY['admin'::text, 'clinic_admin'::text, 'manager'::text])) AND app_private.can_access_clinic(clinic_id))","((app_private.get_current_role() = ANY (ARRAY['admin'::text, 'clinic_admin'::text, 'manager'::text])) AND app_private.can_access_clinic(clinic_id))","UNCLASSIFIED","UNDECIDED","UNKNOWN"
"public","clinics","clinics_admin_insert","PERMISSIVE","{authenticated}","INSERT",,"((app_private.get_current_role() = ANY (ARRAY['admin'::text, 'clinic_admin'::text])) AND (((parent_id IS NOT NULL) AND app_private.can_access_clinic(parent_id)) OR ((parent_id IS NULL) AND app_private.jwt_is_admin())))","UNCLASSIFIED","UNDECIDED","UNKNOWN"
"public","clinics","clinics_admin_update","PERMISSIVE","{authenticated}","UPDATE","((app_private.get_current_role() = ANY (ARRAY['admin'::text, 'clinic_admin'::text])) AND app_private.can_access_clinic(id))","((app_private.get_current_role() = ANY (ARRAY['admin'::text, 'clinic_admin'::text])) AND app_private.can_access_clinic(id))","UNCLASSIFIED","UNDECIDED","UNKNOWN"
"public","clinics","clinics_delete_for_admin","PERMISSIVE","{authenticated}","DELETE","(app_private.get_current_role() = 'admin'::text)",,"UNCLASSIFIED","UNDECIDED","UNKNOWN"
"public","clinics","clinics_own_select","PERMISSIVE","{authenticated}","SELECT","app_private.can_access_clinic(id)",,"UNCLASSIFIED","UNDECIDED","UNKNOWN"
"public","critical_incidents","Admins can manage incidents","PERMISSIVE","{authenticated}","ALL","((( SELECT app_private.get_current_role() AS get_current_role) = 'admin'::text) AND (COALESCE(cardinality(affected_clinics), 0) > 0) AND (NOT (EXISTS ( SELECT 1
   FROM unnest(critical_incidents.affected_clinics) affected_clinic(clinic_id)
  WHERE (NOT app_private.can_access_clinic(affected_clinic.clinic_id))))))","((( SELECT app_private.get_current_role() AS get_current_role) = 'admin'::text) AND (COALESCE(cardinality(affected_clinics), 0) > 0) AND (NOT (EXISTS ( SELECT 1
   FROM unnest(critical_incidents.affected_clinics) affected_clinic(clinic_id)
  WHERE (NOT app_private.can_access_clinic(affected_clinic.clinic_id))))))","UNCLASSIFIED","UNDECIDED","UNKNOWN"
"public","critical_incidents","Affected clinics can view their incidents","PERMISSIVE","{authenticated}","SELECT","(EXISTS ( SELECT 1
   FROM unnest(critical_incidents.affected_clinics) affected_clinic(clinic_id)
  WHERE app_private.can_access_clinic(affected_clinic.clinic_id)))",,"UNCLASSIFIED","UNDECIDED","UNKNOWN"
"public","csp_violations","csp_violations_select_admin","PERMISSIVE","{authenticated}","SELECT","((app_private.get_current_role() = ANY (ARRAY['admin'::text, 'clinic_admin'::text])) AND ((clinic_id IS NULL) OR app_private.can_access_clinic(clinic_id)))",,"UNCLASSIFIED","UNDECIDED","UNKNOWN"
"public","csp_violations","csp_violations_update_admin","PERMISSIVE","{authenticated}","UPDATE","((app_private.get_current_role() = ANY (ARRAY['admin'::text, 'clinic_admin'::text])) AND ((clinic_id IS NULL) OR app_private.can_access_clinic(clinic_id)))",,"UNCLASSIFIED","UNDECIDED","UNKNOWN"
"public","customer_insurance_coverages","customer_insurance_coverages_delete_for_clinic_pricing_admin","PERMISSIVE","{authenticated}","DELETE","((app_private.get_current_role() = ANY (ARRAY['admin'::text, 'clinic_admin'::text])) AND app_private.can_access_clinic(clinic_id))",,"UNCLASSIFIED","UNDECIDED","UNKNOWN"
"public","customer_insurance_coverages","customer_insurance_coverages_insert_for_clinic_pricing_admin","PERMISSIVE","{authenticated}","INSERT",,"((app_private.get_current_role() = ANY (ARRAY['admin'::text, 'clinic_admin'::text])) AND app_private.can_access_clinic(clinic_id))","UNCLASSIFIED","UNDECIDED","UNKNOWN"
"public","customer_insurance_coverages","customer_insurance_coverages_select_for_staff","PERMISSIVE","{authenticated}","SELECT","((( SELECT app_private.get_current_role() AS get_current_role) = ANY (ARRAY['admin'::text, 'clinic_admin'::text, 'manager'::text, 'therapist'::text, 'staff'::text])) AND (clinic_id = ANY (( SELECT app_private.get_current_accessible_clinic_ids() AS get_current_accessible_clinic_ids)::uuid[])))",,"UNCLASSIFIED","UNDECIDED","UNKNOWN"
"public","customer_insurance_coverages","customer_insurance_coverages_update_for_clinic_pricing_admin","PERMISSIVE","{authenticated}","UPDATE","((app_private.get_current_role() = ANY (ARRAY['admin'::text, 'clinic_admin'::text])) AND app_private.can_access_clinic(clinic_id))","((app_private.get_current_role() = ANY (ARRAY['admin'::text, 'clinic_admin'::text])) AND app_private.can_access_clinic(clinic_id))","UNCLASSIFIED","UNDECIDED","UNKNOWN"
"public","customers","customers_delete_for_admin","PERMISSIVE","{authenticated}","DELETE","((app_private.get_current_role() = ANY (ARRAY['admin'::text, 'clinic_admin'::text])) AND app_private.can_access_clinic(clinic_id))",,"UNCLASSIFIED","UNDECIDED","UNKNOWN"
"public","customers","customers_insert_for_staff","PERMISSIVE","{authenticated}","INSERT",,"((app_private.get_current_role() = ANY (ARRAY['admin'::text, 'clinic_admin'::text, 'manager'::text, 'staff'::text])) AND app_private.can_access_clinic(clinic_id))","UNCLASSIFIED","UNDECIDED","UNKNOWN"
"public","customers","customers_select_for_staff","PERMISSIVE","{authenticated}","SELECT","((app_private.get_current_role() = ANY (ARRAY['admin'::text, 'clinic_admin'::text, 'manager'::text, 'therapist'::text, 'staff'::text])) AND app_private.can_access_clinic(clinic_id))",,"UNCLASSIFIED","UNDECIDED","UNKNOWN"
"public","customers","customers_update_for_staff","PERMISSIVE","{authenticated}","UPDATE","((app_private.get_current_role() = ANY (ARRAY['admin'::text, 'clinic_admin'::text, 'manager'::text, 'therapist'::text, 'staff'::text])) AND app_private.can_access_clinic(clinic_id))",,"UNCLASSIFIED","UNDECIDED","UNKNOWN"
"public","daily_report_item_tag_definitions","daily_report_item_tag_definitions_select_for_authenticated","PERMISSIVE","{authenticated}","SELECT","true",,"UNCLASSIFIED","UNDECIDED","UNKNOWN"
"public","daily_report_item_tags","daily_report_item_tags_delete_for_managers","PERMISSIVE","{authenticated}","DELETE","((app_private.get_current_role() = ANY (ARRAY['admin'::text, 'clinic_admin'::text, 'manager'::text])) AND app_private.can_access_clinic(clinic_id))",,"UNCLASSIFIED","UNDECIDED","UNKNOWN"
"public","daily_report_item_tags","daily_report_item_tags_insert_for_staff","PERMISSIVE","{authenticated}","INSERT",,"((app_private.get_current_role() = ANY (ARRAY['admin'::text, 'clinic_admin'::text, 'manager'::text, 'therapist'::text, 'staff'::text])) AND app_private.can_access_clinic(clinic_id))","UNCLASSIFIED","UNDECIDED","UNKNOWN"
"public","daily_report_item_tags","daily_report_item_tags_select_for_staff","PERMISSIVE","{authenticated}","SELECT","((app_private.get_current_role() = ANY (ARRAY['admin'::text, 'clinic_admin'::text, 'manager'::text, 'therapist'::text, 'staff'::text])) AND app_private.can_access_clinic(clinic_id))",,"UNCLASSIFIED","UNDECIDED","UNKNOWN"
"public","daily_report_item_tags","daily_report_item_tags_update_for_staff","PERMISSIVE","{authenticated}","UPDATE","((app_private.get_current_role() = ANY (ARRAY['admin'::text, 'clinic_admin'::text, 'manager'::text, 'therapist'::text, 'staff'::text])) AND app_private.can_access_clinic(clinic_id))","((app_private.get_current_role() = ANY (ARRAY['admin'::text, 'clinic_admin'::text, 'manager'::text, 'therapist'::text, 'staff'::text])) AND app_private.can_access_clinic(clinic_id))","UNCLASSIFIED","UNDECIDED","UNKNOWN"
"public","daily_report_items","daily_report_items_delete_for_managers","PERMISSIVE","{authenticated}","DELETE","((app_private.get_current_role() = ANY (ARRAY['admin'::text, 'clinic_admin'::text, 'manager'::text])) AND app_private.can_access_clinic(clinic_id))",,"UNCLASSIFIED","UNDECIDED","UNKNOWN"
"public","daily_report_items","daily_report_items_insert_for_staff","PERMISSIVE","{authenticated}","INSERT",,"((app_private.get_current_role() = ANY (ARRAY['admin'::text, 'clinic_admin'::text, 'manager'::text, 'therapist'::text, 'staff'::text])) AND app_private.can_access_clinic(clinic_id))","UNCLASSIFIED","UNDECIDED","UNKNOWN"
"public","daily_report_items","daily_report_items_select_for_staff","PERMISSIVE","{authenticated}","SELECT","((app_private.get_current_role() = ANY (ARRAY['admin'::text, 'clinic_admin'::text, 'manager'::text, 'therapist'::text, 'staff'::text])) AND app_private.can_access_clinic(clinic_id))",,"UNCLASSIFIED","UNDECIDED","UNKNOWN"
"public","daily_report_items","daily_report_items_update_for_staff","PERMISSIVE","{authenticated}","UPDATE","((app_private.get_current_role() = ANY (ARRAY['admin'::text, 'clinic_admin'::text, 'manager'::text, 'therapist'::text, 'staff'::text])) AND app_private.can_access_clinic(clinic_id))","((app_private.get_current_role() = ANY (ARRAY['admin'::text, 'clinic_admin'::text, 'manager'::text, 'therapist'::text, 'staff'::text])) AND app_private.can_access_clinic(clinic_id))","UNCLASSIFIED","UNDECIDED","UNKNOWN"
"public","daily_reports","daily_reports_delete_for_managers","PERMISSIVE","{authenticated}","DELETE","((app_private.get_current_role() = ANY (ARRAY['admin'::text, 'clinic_admin'::text, 'manager'::text])) AND app_private.can_access_clinic(clinic_id))",,"UNCLASSIFIED","UNDECIDED","UNKNOWN"
"public","daily_reports","daily_reports_insert_for_staff","PERMISSIVE","{authenticated}","INSERT",,"((app_private.get_current_role() = ANY (ARRAY['admin'::text, 'clinic_admin'::text, 'manager'::text, 'therapist'::text, 'staff'::text])) AND app_private.can_access_clinic(clinic_id))","UNCLASSIFIED","UNDECIDED","UNKNOWN"
"public","daily_reports","daily_reports_select_for_staff","PERMISSIVE","{authenticated}","SELECT","((app_private.get_current_role() = ANY (ARRAY['admin'::text, 'clinic_admin'::text, 'manager'::text, 'therapist'::text, 'staff'::text])) AND app_private.can_access_clinic(clinic_id))",,"UNCLASSIFIED","UNDECIDED","UNKNOWN"
"public","daily_reports","daily_reports_update_for_staff","PERMISSIVE","{authenticated}","UPDATE","((app_private.get_current_role() = ANY (ARRAY['admin'::text, 'clinic_admin'::text, 'manager'::text, 'therapist'::text, 'staff'::text])) AND app_private.can_access_clinic(clinic_id))",,"UNCLASSIFIED","UNDECIDED","UNKNOWN"
"public","improvement_backlog","Users can view backlog","PERMISSIVE","{authenticated}","SELECT","true",,"UNCLASSIFIED","UNDECIDED","UNKNOWN"
"public","improvement_backlog","improvement_backlog_admin_delete","PERMISSIVE","{authenticated}","DELETE","((( SELECT app_private.get_current_role() AS get_current_role) = 'admin'::text) AND (COALESCE(cardinality(affected_clinics), 0) > 0) AND (NOT (EXISTS ( SELECT 1
   FROM unnest(improvement_backlog.affected_clinics) affected_clinic(clinic_id)
  WHERE (NOT app_private.can_access_clinic(affected_clinic.clinic_id))))))",,"UNCLASSIFIED","UNDECIDED","UNKNOWN"
"public","improvement_backlog","improvement_backlog_admin_insert","PERMISSIVE","{authenticated}","INSERT",,"((( SELECT app_private.get_current_role() AS get_current_role) = 'admin'::text) AND (COALESCE(cardinality(affected_clinics), 0) > 0) AND (NOT (EXISTS ( SELECT 1
   FROM unnest(improvement_backlog.affected_clinics) affected_clinic(clinic_id)
  WHERE (NOT app_private.can_access_clinic(affected_clinic.clinic_id))))))","UNCLASSIFIED","UNDECIDED","UNKNOWN"
"public","improvement_backlog","improvement_backlog_admin_update","PERMISSIVE","{authenticated}","UPDATE","((( SELECT app_private.get_current_role() AS get_current_role) = 'admin'::text) AND (COALESCE(cardinality(affected_clinics), 0) > 0) AND (NOT (EXISTS ( SELECT 1
   FROM unnest(improvement_backlog.affected_clinics) affected_clinic(clinic_id)
  WHERE (NOT app_private.can_access_clinic(affected_clinic.clinic_id))))))","((( SELECT app_private.get_current_role() AS get_current_role) = 'admin'::text) AND (COALESCE(cardinality(affected_clinics), 0) > 0) AND (NOT (EXISTS ( SELECT 1
   FROM unnest(improvement_backlog.affected_clinics) affected_clinic(clinic_id)
  WHERE (NOT app_private.can_access_clinic(affected_clinic.clinic_id))))))","UNCLASSIFIED","UNDECIDED","UNKNOWN"
"public","insurance_fee_items","insurance_fee_items_select_for_authenticated","PERMISSIVE","{authenticated}","SELECT","true",,"UNCLASSIFIED","UNDECIDED","UNKNOWN"
"public","insurance_fee_revision_diffs","insurance_fee_revision_diffs_select_for_authenticated","PERMISSIVE","{authenticated}","SELECT","true",,"UNCLASSIFIED","UNDECIDED","UNKNOWN"
"public","insurance_fee_schedules","insurance_fee_schedules_select_for_authenticated","PERMISSIVE","{authenticated}","SELECT","true",,"UNCLASSIFIED","UNDECIDED","UNKNOWN"
"public","insurance_fee_source_snapshots","insurance_fee_source_snapshots_select_for_authenticated","PERMISSIVE","{authenticated}","SELECT","true",,"UNCLASSIFIED","UNDECIDED","UNKNOWN"
"public","insurance_fee_sources","insurance_fee_sources_select_for_authenticated","PERMISSIVE","{authenticated}","SELECT","true",,"UNCLASSIFIED","UNDECIDED","UNKNOWN"
"public","insurance_fee_warning_definitions","insurance_fee_warning_definitions_select_for_authenticated","PERMISSIVE","{authenticated}","SELECT","true",,"UNCLASSIFIED","UNDECIDED","UNKNOWN"
"public","manager_clinic_assignments","manager_clinic_assignments_delete_admin_only","PERMISSIVE","{authenticated}","DELETE","(app_private.get_current_role() = 'admin'::text)",,"UNCLASSIFIED","UNDECIDED","UNKNOWN"
"public","manager_clinic_assignments","manager_clinic_assignments_insert_admin_only","PERMISSIVE","{authenticated}","INSERT",,"(app_private.get_current_role() = 'admin'::text)","UNCLASSIFIED","UNDECIDED","UNKNOWN"
"public","manager_clinic_assignments","manager_clinic_assignments_select_admin_or_self_active","PERMISSIVE","{authenticated}","SELECT","((app_private.get_current_role() = 'admin'::text) OR ((manager_user_id = ( SELECT auth.uid() AS uid)) AND (revoked_at IS NULL)))",,"UNCLASSIFIED","UNDECIDED","UNKNOWN"
"public","manager_clinic_assignments","manager_clinic_assignments_update_admin_only","PERMISSIVE","{authenticated}","UPDATE","(app_private.get_current_role() = 'admin'::text)","(app_private.get_current_role() = 'admin'::text)","UNCLASSIFIED","UNDECIDED","UNKNOWN"
"public","master_categories","master_categories_authenticated_read","PERMISSIVE","{authenticated}","SELECT","true",,"UNCLASSIFIED","UNDECIDED","UNKNOWN"
"public","master_patient_types","master_patient_types_authenticated_read","PERMISSIVE","{authenticated}","SELECT","true",,"UNCLASSIFIED","UNDECIDED","UNKNOWN"
"public","master_payment_methods","master_payment_methods_authenticated_read","PERMISSIVE","{authenticated}","SELECT","true",,"UNCLASSIFIED","UNDECIDED","UNKNOWN"
"public","menu_billing_profiles","menu_billing_profiles_delete_for_clinic_pricing_admin","PERMISSIVE","{authenticated}","DELETE","((app_private.get_current_role() = ANY (ARRAY['admin'::text, 'clinic_admin'::text])) AND app_private.can_access_clinic(clinic_id))",,"UNCLASSIFIED","UNDECIDED","UNKNOWN"
"public","menu_billing_profiles","menu_billing_profiles_insert_for_clinic_pricing_admin","PERMISSIVE","{authenticated}","INSERT",,"((app_private.get_current_role() = ANY (ARRAY['admin'::text, 'clinic_admin'::text])) AND app_private.can_access_clinic(clinic_id))","UNCLASSIFIED","UNDECIDED","UNKNOWN"
"public","menu_billing_profiles","menu_billing_profiles_select_for_staff","PERMISSIVE","{authenticated}","SELECT","((( SELECT app_private.get_current_role() AS get_current_role) = ANY (ARRAY['admin'::text, 'clinic_admin'::text, 'manager'::text, 'therapist'::text, 'staff'::text])) AND (clinic_id = ANY (( SELECT app_private.get_current_accessible_clinic_ids() AS get_current_accessible_clinic_ids)::uuid[])))",,"UNCLASSIFIED","UNDECIDED","UNKNOWN"
"public","menu_billing_profiles","menu_billing_profiles_update_for_clinic_pricing_admin","PERMISSIVE","{authenticated}","UPDATE","((app_private.get_current_role() = ANY (ARRAY['admin'::text, 'clinic_admin'::text])) AND app_private.can_access_clinic(clinic_id))","((app_private.get_current_role() = ANY (ARRAY['admin'::text, 'clinic_admin'::text])) AND app_private.can_access_clinic(clinic_id))","UNCLASSIFIED","UNDECIDED","UNKNOWN"
"public","menu_categories","menu_categories_authenticated_read","PERMISSIVE","{authenticated}","SELECT","true",,"UNCLASSIFIED","UNDECIDED","UNKNOWN"
"public","menu_template_billing_profiles","menu_template_billing_profiles_select_for_managers","PERMISSIVE","{authenticated}","SELECT","((app_private.get_current_role() = ANY (ARRAY['admin'::text, 'clinic_admin'::text, 'manager'::text])) AND app_private.can_access_clinic(owner_clinic_id))",,"UNCLASSIFIED","UNDECIDED","UNKNOWN"
"public","menu_template_billing_profiles","menu_template_billing_profiles_write_for_admin","PERMISSIVE","{authenticated}","ALL","((app_private.get_current_role() = 'admin'::text) AND app_private.can_access_clinic(owner_clinic_id))","((app_private.get_current_role() = 'admin'::text) AND app_private.can_access_clinic(owner_clinic_id))","UNCLASSIFIED","UNDECIDED","UNKNOWN"
"public","menu_templates","menu_templates_delete_for_managers","PERMISSIVE","{authenticated}","DELETE","((app_private.get_current_role() = ANY (ARRAY['admin'::text, 'clinic_admin'::text, 'manager'::text])) AND app_private.can_access_clinic(owner_clinic_id))",,"UNCLASSIFIED","UNDECIDED","UNKNOWN"
"public","menu_templates","menu_templates_insert_for_managers","PERMISSIVE","{authenticated}","INSERT",,"((app_private.get_current_role() = ANY (ARRAY['admin'::text, 'clinic_admin'::text, 'manager'::text])) AND app_private.can_access_clinic(owner_clinic_id))","UNCLASSIFIED","UNDECIDED","UNKNOWN"
"public","menu_templates","menu_templates_select_for_managers","PERMISSIVE","{authenticated}","SELECT","((app_private.get_current_role() = ANY (ARRAY['admin'::text, 'clinic_admin'::text, 'manager'::text])) AND app_private.can_access_clinic(owner_clinic_id))",,"UNCLASSIFIED","UNDECIDED","UNKNOWN"
"public","menu_templates","menu_templates_update_for_managers","PERMISSIVE","{authenticated}","UPDATE","((app_private.get_current_role() = ANY (ARRAY['admin'::text, 'clinic_admin'::text, 'manager'::text])) AND app_private.can_access_clinic(owner_clinic_id))","((app_private.get_current_role() = ANY (ARRAY['admin'::text, 'clinic_admin'::text, 'manager'::text])) AND app_private.can_access_clinic(owner_clinic_id))","UNCLASSIFIED","UNDECIDED","UNKNOWN"
"public","menus","menus_delete_for_admin","PERMISSIVE","{authenticated}","DELETE","((app_private.get_current_role() = ANY (ARRAY['admin'::text, 'clinic_admin'::text])) AND app_private.can_access_clinic(clinic_id))",,"UNCLASSIFIED","UNDECIDED","UNKNOWN"
"public","menus","menus_insert_for_managers","PERMISSIVE","{authenticated}","INSERT",,"((app_private.get_current_role() = ANY (ARRAY['admin'::text, 'clinic_admin'::text, 'manager'::text])) AND app_private.can_access_clinic(clinic_id))","UNCLASSIFIED","UNDECIDED","UNKNOWN"
"public","menus","menus_select_for_managers","PERMISSIVE","{authenticated}","SELECT","((app_private.get_current_role() = ANY (ARRAY['admin'::text, 'clinic_admin'::text, 'manager'::text])) AND app_private.can_access_clinic(clinic_id))",,"UNCLASSIFIED","UNDECIDED","UNKNOWN"
"public","menus","menus_select_for_staff","PERMISSIVE","{authenticated}","SELECT","((app_private.get_current_role() = ANY (ARRAY['therapist'::text, 'staff'::text])) AND app_private.can_access_clinic(clinic_id) AND (is_active = true) AND (is_deleted = false))",,"UNCLASSIFIED","UNDECIDED","UNKNOWN"
"public","menus","menus_update_for_managers","PERMISSIVE","{authenticated}","UPDATE","((app_private.get_current_role() = ANY (ARRAY['admin'::text, 'clinic_admin'::text, 'manager'::text])) AND app_private.can_access_clinic(clinic_id))",,"UNCLASSIFIED","UNDECIDED","UNKNOWN"
"public","mfa_setup_sessions","Users can manage own MFA setup sessions","PERMISSIVE","{authenticated}","ALL","(( SELECT auth.uid() AS uid) = user_id)",,"UNCLASSIFIED","UNDECIDED","UNKNOWN"
"public","mfa_usage_stats","mfa_usage_stats_select_policy","PERMISSIVE","{authenticated}","SELECT","((( SELECT app_private.get_current_role() AS get_current_role) = ANY (ARRAY['admin'::text, 'clinic_admin'::text, 'manager'::text])) AND app_private.can_access_clinic(clinic_id))",,"UNCLASSIFIED","UNDECIDED","UNKNOWN"
"public","notifications","Users can update their own notifications","PERMISSIVE","{authenticated}","UPDATE","(( SELECT auth.uid() AS uid) = user_id)",,"UNCLASSIFIED","UNDECIDED","UNKNOWN"
"public","notifications","Users can view their own notifications","PERMISSIVE","{authenticated}","SELECT","((( SELECT app_private.get_current_role() AS get_current_role) <> ''::text) AND ((( SELECT auth.uid() AS uid) = user_id) OR ((clinic_id IS NOT NULL) AND (( SELECT app_private.get_current_role() AS get_current_role) = ANY (ARRAY['admin'::text, 'clinic_admin'::text])) AND app_private.can_access_clinic(clinic_id))))",,"UNCLASSIFIED","UNDECIDED","UNKNOWN"
"public","onboarding_states","onboarding_states_self_delete","PERMISSIVE","{authenticated}","DELETE","(user_id = ( SELECT auth.uid() AS uid))",,"UNCLASSIFIED","UNDECIDED","UNKNOWN"
"public","onboarding_states","onboarding_states_self_insert","PERMISSIVE","{authenticated}","INSERT",,"(user_id = ( SELECT auth.uid() AS uid))","UNCLASSIFIED","UNDECIDED","UNKNOWN"
"public","onboarding_states","onboarding_states_self_select","PERMISSIVE","{authenticated}","SELECT","(user_id = ( SELECT auth.uid() AS uid))",,"UNCLASSIFIED","UNDECIDED","UNKNOWN"
"public","onboarding_states","onboarding_states_self_update","PERMISSIVE","{authenticated}","UPDATE","(user_id = ( SELECT auth.uid() AS uid))","(user_id = ( SELECT auth.uid() AS uid))","UNCLASSIFIED","UNDECIDED","UNKNOWN"
"public","patient_outreach_campaigns","patient_outreach_campaigns_insert_scoped","PERMISSIVE","{authenticated}","INSERT",,"((app_private.get_current_role() = ANY (ARRAY['admin'::text, 'clinic_admin'::text, 'manager'::text])) AND app_private.can_access_clinic(clinic_id))","UNCLASSIFIED","UNDECIDED","UNKNOWN"
"public","patient_outreach_campaigns","patient_outreach_campaigns_select_scoped","PERMISSIVE","{authenticated}","SELECT","((app_private.get_current_role() = ANY (ARRAY['admin'::text, 'clinic_admin'::text, 'manager'::text])) AND app_private.can_access_clinic(clinic_id))",,"UNCLASSIFIED","UNDECIDED","UNKNOWN"
"public","patient_outreach_campaigns","patient_outreach_campaigns_update_scoped","PERMISSIVE","{authenticated}","UPDATE","((app_private.get_current_role() = ANY (ARRAY['admin'::text, 'clinic_admin'::text])) AND app_private.can_access_clinic(clinic_id))","((app_private.get_current_role() = ANY (ARRAY['admin'::text, 'clinic_admin'::text])) AND app_private.can_access_clinic(clinic_id))","UNCLASSIFIED","UNDECIDED","UNKNOWN"
"public","patient_outreach_recipients","patient_outreach_recipients_insert_scoped","PERMISSIVE","{authenticated}","INSERT",,"((app_private.get_current_role() = ANY (ARRAY['admin'::text, 'clinic_admin'::text, 'manager'::text])) AND app_private.can_access_clinic(clinic_id))","UNCLASSIFIED","UNDECIDED","UNKNOWN"
"public","patient_outreach_recipients","patient_outreach_recipients_select_scoped","PERMISSIVE","{authenticated}","SELECT","((app_private.get_current_role() = ANY (ARRAY['admin'::text, 'clinic_admin'::text, 'manager'::text])) AND app_private.can_access_clinic(clinic_id))",,"UNCLASSIFIED","UNDECIDED","UNKNOWN"
"public","patient_outreach_recipients","patient_outreach_recipients_update_scoped","PERMISSIVE","{authenticated}","UPDATE","((app_private.get_current_role() = ANY (ARRAY['admin'::text, 'clinic_admin'::text])) AND app_private.can_access_clinic(clinic_id))","((app_private.get_current_role() = ANY (ARRAY['admin'::text, 'clinic_admin'::text])) AND app_private.can_access_clinic(clinic_id))","UNCLASSIFIED","UNDECIDED","UNKNOWN"
"public","patients","patients_delete_for_managers","PERMISSIVE","{authenticated}","DELETE","((app_private.get_current_role() = ANY (ARRAY['admin'::text, 'clinic_admin'::text, 'manager'::text])) AND app_private.can_access_clinic(clinic_id))",,"UNCLASSIFIED","UNDECIDED","UNKNOWN"
"public","patients","patients_select_for_staff","PERMISSIVE","{authenticated}","SELECT","((app_private.get_current_role() = ANY (ARRAY['admin'::text, 'clinic_admin'::text, 'manager'::text, 'therapist'::text, 'staff'::text])) AND app_private.can_access_clinic(clinic_id))",,"UNCLASSIFIED","UNDECIDED","UNKNOWN"
"public","patients","patients_update_for_staff","PERMISSIVE","{authenticated}","UPDATE","((app_private.get_current_role() = ANY (ARRAY['admin'::text, 'clinic_admin'::text, 'manager'::text, 'therapist'::text, 'staff'::text])) AND app_private.can_access_clinic(clinic_id))",,"UNCLASSIFIED","UNDECIDED","UNKNOWN"
"public","profiles","profiles_admin_select","PERMISSIVE","{authenticated}","SELECT","((app_private.get_current_role() = ANY (ARRAY['admin'::text, 'clinic_admin'::text])) AND ((clinic_id IS NULL) OR app_private.can_access_clinic(clinic_id)))",,"UNCLASSIFIED","UNDECIDED","UNKNOWN"
"public","profiles","profiles_self_select","PERMISSIVE","{authenticated}","SELECT","(user_id = ( SELECT auth.uid() AS uid))",,"UNCLASSIFIED","UNDECIDED","UNKNOWN"
"public","profiles","profiles_self_update","PERMISSIVE","{authenticated}","UPDATE","(user_id = ( SELECT auth.uid() AS uid))","(user_id = ( SELECT auth.uid() AS uid))","UNCLASSIFIED","UNDECIDED","UNKNOWN"
"public","registered_devices","registered_devices_admin_select","PERMISSIVE","{authenticated}","SELECT","((app_private.get_current_role() = ANY (ARRAY['admin'::text, 'clinic_admin'::text])) AND app_private.can_access_clinic(clinic_id))",,"UNCLASSIFIED","UNDECIDED","UNKNOWN"
"public","registered_devices","registered_devices_self_all","PERMISSIVE","{authenticated}","ALL","((( SELECT auth.uid() AS uid) = user_id) AND app_private.can_access_clinic(clinic_id))","((( SELECT auth.uid() AS uid) = user_id) AND app_private.can_access_clinic(clinic_id))","UNCLASSIFIED","UNDECIDED","UNKNOWN"
"public","reservation_history","reservation_history_delete_for_admin","PERMISSIVE","{authenticated}","DELETE","((app_private.get_current_role() = ANY (ARRAY['admin'::text, 'clinic_admin'::text])) AND (((clinic_id IS NOT NULL) AND app_private.can_access_clinic(clinic_id)) OR ((clinic_id IS NULL) AND (EXISTS ( SELECT 1
   FROM reservations r
  WHERE ((r.id = reservation_history.reservation_id) AND app_private.can_access_clinic(r.clinic_id)))))))",,"UNCLASSIFIED","UNDECIDED","UNKNOWN"
"public","reservation_history","reservation_history_select_for_staff","PERMISSIVE","{authenticated}","SELECT","((app_private.get_current_role() = ANY (ARRAY['admin'::text, 'clinic_admin'::text, 'manager'::text, 'therapist'::text, 'staff'::text])) AND (((clinic_id IS NOT NULL) AND app_private.can_access_clinic(clinic_id)) OR ((clinic_id IS NULL) AND (EXISTS ( SELECT 1
   FROM reservations r
  WHERE ((r.id = reservation_history.reservation_id) AND app_private.can_access_clinic(r.clinic_id)))))))",,"UNCLASSIFIED","UNDECIDED","UNKNOWN"
"public","reservation_history","reservation_history_update_for_admin","PERMISSIVE","{authenticated}","UPDATE","((app_private.get_current_role() = ANY (ARRAY['admin'::text, 'clinic_admin'::text])) AND (((clinic_id IS NOT NULL) AND app_private.can_access_clinic(clinic_id)) OR ((clinic_id IS NULL) AND (EXISTS ( SELECT 1
   FROM reservations r
  WHERE ((r.id = reservation_history.reservation_id) AND app_private.can_access_clinic(r.clinic_id)))))))",,"UNCLASSIFIED","UNDECIDED","UNKNOWN"
"public","reservations","reservations_delete_for_managers","PERMISSIVE","{authenticated}","DELETE","((app_private.get_current_role() = ANY (ARRAY['admin'::text, 'clinic_admin'::text, 'manager'::text])) AND app_private.can_access_clinic(clinic_id))",,"UNCLASSIFIED","UNDECIDED","UNKNOWN"
"public","reservations","reservations_insert_for_staff","PERMISSIVE","{authenticated}","INSERT",,"((app_private.get_current_role() = ANY (ARRAY['admin'::text, 'clinic_admin'::text, 'manager'::text, 'therapist'::text, 'staff'::text])) AND app_private.can_access_clinic(clinic_id))","UNCLASSIFIED","UNDECIDED","UNKNOWN"
"public","reservations","reservations_select_for_staff","PERMISSIVE","{authenticated}","SELECT","((app_private.get_current_role() = ANY (ARRAY['admin'::text, 'clinic_admin'::text, 'manager'::text, 'therapist'::text, 'staff'::text])) AND app_private.can_access_clinic(clinic_id))",,"UNCLASSIFIED","UNDECIDED","UNKNOWN"
"public","reservations","reservations_update_for_staff","PERMISSIVE","{authenticated}","UPDATE","((app_private.get_current_role() = ANY (ARRAY['admin'::text, 'clinic_admin'::text, 'manager'::text, 'therapist'::text, 'staff'::text])) AND app_private.can_access_clinic(clinic_id))",,"UNCLASSIFIED","UNDECIDED","UNKNOWN"
"public","resources","resources_delete_for_admin","PERMISSIVE","{authenticated}","DELETE","((app_private.get_current_role() = ANY (ARRAY['admin'::text, 'clinic_admin'::text])) AND app_private.can_access_clinic(clinic_id))",,"UNCLASSIFIED","UNDECIDED","UNKNOWN"
"public","resources","resources_insert_for_managers","PERMISSIVE","{authenticated}","INSERT",,"((app_private.get_current_role() = ANY (ARRAY['admin'::text, 'clinic_admin'::text, 'manager'::text])) AND app_private.can_access_clinic(clinic_id))","UNCLASSIFIED","UNDECIDED","UNKNOWN"
"public","resources","resources_select_for_staff","PERMISSIVE","{authenticated}","SELECT","((app_private.get_current_role() = ANY (ARRAY['admin'::text, 'clinic_admin'::text, 'manager'::text, 'therapist'::text, 'staff'::text])) AND app_private.can_access_clinic(clinic_id))",,"UNCLASSIFIED","UNDECIDED","UNKNOWN"
"public","resources","resources_update_for_managers","PERMISSIVE","{authenticated}","UPDATE","((app_private.get_current_role() = ANY (ARRAY['admin'::text, 'clinic_admin'::text, 'manager'::text])) AND app_private.can_access_clinic(clinic_id))",,"UNCLASSIFIED","UNDECIDED","UNKNOWN"
"public","revenue_contexts","revenue_contexts_select_for_authenticated","PERMISSIVE","{authenticated}","SELECT","true",,"UNCLASSIFIED","UNDECIDED","UNKNOWN"
"public","revenue_estimate_lines","revenue_estimate_lines_select_for_staff","PERMISSIVE","{authenticated}","SELECT","((app_private.get_current_role() = ANY (ARRAY['admin'::text, 'clinic_admin'::text, 'manager'::text, 'therapist'::text, 'staff'::text])) AND app_private.can_access_clinic(clinic_id))",,"UNCLASSIFIED","UNDECIDED","UNKNOWN"
"public","revenue_estimate_lines","revenue_estimate_lines_write_for_staff","PERMISSIVE","{authenticated}","ALL","((app_private.get_current_role() = ANY (ARRAY['admin'::text, 'clinic_admin'::text, 'manager'::text, 'therapist'::text, 'staff'::text])) AND app_private.can_access_clinic(clinic_id))","((app_private.get_current_role() = ANY (ARRAY['admin'::text, 'clinic_admin'::text, 'manager'::text, 'therapist'::text, 'staff'::text])) AND app_private.can_access_clinic(clinic_id))","UNCLASSIFIED","UNDECIDED","UNKNOWN"
"public","revenue_estimate_overrides","revenue_estimate_overrides_insert_for_staff","PERMISSIVE","{authenticated}","INSERT",,"((app_private.get_current_role() = ANY (ARRAY['admin'::text, 'clinic_admin'::text, 'manager'::text, 'therapist'::text, 'staff'::text])) AND app_private.can_access_clinic(clinic_id))","UNCLASSIFIED","UNDECIDED","UNKNOWN"
"public","revenue_estimate_overrides","revenue_estimate_overrides_select_for_staff","PERMISSIVE","{authenticated}","SELECT","((app_private.get_current_role() = ANY (ARRAY['admin'::text, 'clinic_admin'::text, 'manager'::text, 'therapist'::text, 'staff'::text])) AND app_private.can_access_clinic(clinic_id))",,"UNCLASSIFIED","UNDECIDED","UNKNOWN"
"public","revenue_estimate_warnings","revenue_estimate_warnings_select_for_staff","PERMISSIVE","{authenticated}","SELECT","((app_private.get_current_role() = ANY (ARRAY['admin'::text, 'clinic_admin'::text, 'manager'::text, 'therapist'::text, 'staff'::text])) AND app_private.can_access_clinic(clinic_id))",,"UNCLASSIFIED","UNDECIDED","UNKNOWN"
"public","revenue_estimate_warnings","revenue_estimate_warnings_write_for_staff","PERMISSIVE","{authenticated}","ALL","((app_private.get_current_role() = ANY (ARRAY['admin'::text, 'clinic_admin'::text, 'manager'::text, 'therapist'::text, 'staff'::text])) AND app_private.can_access_clinic(clinic_id))","((app_private.get_current_role() = ANY (ARRAY['admin'::text, 'clinic_admin'::text, 'manager'::text, 'therapist'::text, 'staff'::text])) AND app_private.can_access_clinic(clinic_id))","UNCLASSIFIED","UNDECIDED","UNKNOWN"
"public","revenue_estimates","revenue_estimates_select_for_staff","PERMISSIVE","{authenticated}","SELECT","((app_private.get_current_role() = ANY (ARRAY['admin'::text, 'clinic_admin'::text, 'manager'::text, 'therapist'::text, 'staff'::text])) AND app_private.can_access_clinic(clinic_id))",,"UNCLASSIFIED","UNDECIDED","UNKNOWN"
"public","revenue_estimates","revenue_estimates_write_for_staff","PERMISSIVE","{authenticated}","ALL","((app_private.get_current_role() = ANY (ARRAY['admin'::text, 'clinic_admin'::text, 'manager'::text, 'therapist'::text, 'staff'::text])) AND app_private.can_access_clinic(clinic_id))","((app_private.get_current_role() = ANY (ARRAY['admin'::text, 'clinic_admin'::text, 'manager'::text, 'therapist'::text, 'staff'::text])) AND app_private.can_access_clinic(clinic_id))","UNCLASSIFIED","UNDECIDED","UNKNOWN"
"public","security_alerts","security_alerts_select_admin","PERMISSIVE","{authenticated}","SELECT","((app_private.get_current_role() = ANY (ARRAY['admin'::text, 'clinic_admin'::text])) AND ((clinic_id IS NULL) OR app_private.can_access_clinic(clinic_id)))",,"UNCLASSIFIED","UNDECIDED","UNKNOWN"
"public","security_alerts","security_alerts_update_admin","PERMISSIVE","{authenticated}","UPDATE","((app_private.get_current_role() = ANY (ARRAY['admin'::text, 'clinic_admin'::text])) AND ((clinic_id IS NULL) OR app_private.can_access_clinic(clinic_id)))",,"UNCLASSIFIED","UNDECIDED","UNKNOWN"
"public","security_events","security_events_admin_select","PERMISSIVE","{authenticated}","SELECT","((app_private.get_current_role() = ANY (ARRAY['admin'::text, 'clinic_admin'::text])) AND (((clinic_id IS NOT NULL) AND app_private.can_access_clinic(clinic_id)) OR ((clinic_id IS NULL) AND app_private.jwt_is_admin())))",,"UNCLASSIFIED","UNDECIDED","UNKNOWN"
"public","security_events","security_events_admin_update","PERMISSIVE","{authenticated}","UPDATE","((app_private.get_current_role() = ANY (ARRAY['admin'::text, 'clinic_admin'::text])) AND (((clinic_id IS NOT NULL) AND app_private.can_access_clinic(clinic_id)) OR ((clinic_id IS NULL) AND app_private.jwt_is_admin())))",,"UNCLASSIFIED","UNDECIDED","UNKNOWN"
"public","security_events","security_events_self_select","PERMISSIVE","{authenticated}","SELECT","((( SELECT auth.uid() AS uid) = user_id) AND (((clinic_id IS NOT NULL) AND app_private.can_access_clinic(clinic_id)) OR ((clinic_id IS NULL) AND app_private.jwt_is_admin())))",,"UNCLASSIFIED","UNDECIDED","UNKNOWN"
"public","session_policies","session_policies_admin_all","PERMISSIVE","{authenticated}","ALL","((app_private.get_current_role() = ANY (ARRAY['admin'::text, 'clinic_admin'::text])) AND app_private.can_access_clinic(clinic_id))","((app_private.get_current_role() = ANY (ARRAY['admin'::text, 'clinic_admin'::text])) AND app_private.can_access_clinic(clinic_id))","UNCLASSIFIED","UNDECIDED","UNKNOWN"
"public","session_policies","session_policies_staff_select","PERMISSIVE","{authenticated}","SELECT","((app_private.get_current_role() = ANY (ARRAY['manager'::text, 'therapist'::text, 'staff'::text])) AND app_private.can_access_clinic(clinic_id))",,"UNCLASSIFIED","UNDECIDED","UNKNOWN"
"public","shift_request_audit_logs","shift_request_audit_logs_select_scoped","PERMISSIVE","{authenticated}","SELECT","((app_private.get_current_role() = ANY (ARRAY['admin'::text, 'manager'::text, 'clinic_admin'::text])) AND app_private.can_access_clinic(clinic_id))",,"UNCLASSIFIED","UNDECIDED","UNKNOWN"
"public","shift_request_periods","shift_request_periods_insert_managers","PERMISSIVE","{authenticated}","INSERT",,"((app_private.get_current_role() = ANY (ARRAY['admin'::text, 'manager'::text, 'clinic_admin'::text])) AND app_private.can_access_clinic(clinic_id))","UNCLASSIFIED","UNDECIDED","UNKNOWN"
"public","shift_request_periods","shift_request_periods_select_scoped","PERMISSIVE","{authenticated}","SELECT","((app_private.get_current_role() = ANY (ARRAY['admin'::text, 'manager'::text, 'clinic_admin'::text, 'therapist'::text, 'staff'::text])) AND app_private.can_access_clinic(clinic_id))",,"UNCLASSIFIED","UNDECIDED","UNKNOWN"
"public","shift_request_periods","shift_request_periods_update_managers","PERMISSIVE","{authenticated}","UPDATE","((app_private.get_current_role() = ANY (ARRAY['admin'::text, 'manager'::text, 'clinic_admin'::text])) AND app_private.can_access_clinic(clinic_id))","(app_private.can_access_clinic(clinic_id) AND ((app_private.get_current_role() = ANY (ARRAY['admin'::text, 'manager'::text])) OR ((app_private.get_current_role() = 'clinic_admin'::text) AND (status = ANY (ARRAY['draft'::text, 'open'::text, 'closed'::text])))))","UNCLASSIFIED","UNDECIDED","UNKNOWN"
"public","shift_requests","shift_requests_insert_scoped","PERMISSIVE","{authenticated}","INSERT",,"(((app_private.get_current_role() = ANY (ARRAY['admin'::text, 'manager'::text, 'clinic_admin'::text])) AND app_private.can_access_clinic(clinic_id)) OR ((app_private.get_current_role() = ANY (ARRAY['therapist'::text, 'staff'::text])) AND app_private.can_access_clinic(clinic_id) AND (staff_id = ( SELECT auth.uid() AS uid)) AND (submitted_by = ( SELECT auth.uid() AS uid)) AND (submitted_for_role = app_private.get_current_role())))","UNCLASSIFIED","UNDECIDED","UNKNOWN"
"public","shift_requests","shift_requests_select_scoped","PERMISSIVE","{authenticated}","SELECT","(((app_private.get_current_role() = ANY (ARRAY['admin'::text, 'manager'::text, 'clinic_admin'::text])) AND app_private.can_access_clinic(clinic_id)) OR ((app_private.get_current_role() = ANY (ARRAY['therapist'::text, 'staff'::text])) AND app_private.can_access_clinic(clinic_id) AND (staff_id = ( SELECT auth.uid() AS uid))))",,"UNCLASSIFIED","UNDECIDED","UNKNOWN"
"public","shift_requests","shift_requests_update_scoped","PERMISSIVE","{authenticated}","UPDATE","(((app_private.get_current_role() = ANY (ARRAY['admin'::text, 'manager'::text, 'clinic_admin'::text])) AND app_private.can_access_clinic(clinic_id)) OR ((app_private.get_current_role() = ANY (ARRAY['therapist'::text, 'staff'::text])) AND app_private.can_access_clinic(clinic_id) AND (staff_id = ( SELECT auth.uid() AS uid))))","(((app_private.get_current_role() = ANY (ARRAY['admin'::text, 'manager'::text])) AND app_private.can_access_clinic(clinic_id)) OR ((app_private.get_current_role() = 'clinic_admin'::text) AND app_private.can_access_clinic(clinic_id) AND (status <> 'converted'::text)) OR ((app_private.get_current_role() = ANY (ARRAY['therapist'::text, 'staff'::text])) AND app_private.can_access_clinic(clinic_id) AND (staff_id = ( SELECT auth.uid() AS uid)) AND (status = ANY (ARRAY['draft'::text, 'submitted'::text, 'rejected'::text, 'withdrawn'::text])) AND (converted_shift_id IS NULL)))","UNCLASSIFIED","UNDECIDED","UNKNOWN"
"public","staff","staff_delete_for_managers","PERMISSIVE","{authenticated}","DELETE","((app_private.get_current_role() = ANY (ARRAY['admin'::text, 'clinic_admin'::text, 'manager'::text])) AND app_private.can_access_clinic(clinic_id))",,"UNCLASSIFIED","UNDECIDED","UNKNOWN"
"public","staff","staff_select_for_staff","PERMISSIVE","{authenticated}","SELECT","((app_private.get_current_role() = ANY (ARRAY['admin'::text, 'clinic_admin'::text, 'manager'::text, 'therapist'::text, 'staff'::text])) AND app_private.can_access_clinic(clinic_id))",,"UNCLASSIFIED","UNDECIDED","UNKNOWN"
"public","staff","staff_update_for_staff","PERMISSIVE","{authenticated}","UPDATE","((app_private.get_current_role() = ANY (ARRAY['admin'::text, 'clinic_admin'::text, 'manager'::text, 'therapist'::text, 'staff'::text])) AND app_private.can_access_clinic(clinic_id))",,"UNCLASSIFIED","UNDECIDED","UNKNOWN"
"public","staff_clinic_memberships","staff_clinic_memberships_select_scoped","PERMISSIVE","{authenticated}","SELECT","app_private.can_access_clinic(clinic_id)",,"UNCLASSIFIED","UNDECIDED","UNKNOWN"
"public","staff_invites","staff_invites_clinic_admin_select","PERMISSIVE","{authenticated}","SELECT","((app_private.get_current_role() = ANY (ARRAY['admin'::text, 'clinic_admin'::text, 'manager'::text])) AND app_private.can_access_clinic(clinic_id))",,"UNCLASSIFIED","UNDECIDED","UNKNOWN"
"public","staff_invites","staff_invites_creator_delete","PERMISSIVE","{authenticated}","DELETE","((created_by = ( SELECT auth.uid() AS uid)) AND app_private.can_access_clinic(clinic_id) AND (app_private.get_current_role() = ANY (ARRAY['admin'::text, 'clinic_admin'::text, 'manager'::text])))",,"UNCLASSIFIED","UNDECIDED","UNKNOWN"
"public","staff_invites","staff_invites_creator_insert","PERMISSIVE","{authenticated}","INSERT",,"((created_by = ( SELECT auth.uid() AS uid)) AND app_private.can_access_clinic(clinic_id) AND (app_private.get_current_role() = ANY (ARRAY['admin'::text, 'clinic_admin'::text, 'manager'::text])))","UNCLASSIFIED","UNDECIDED","UNKNOWN"
"public","staff_invites","staff_invites_creator_select","PERMISSIVE","{authenticated}","SELECT","((created_by = ( SELECT auth.uid() AS uid)) AND app_private.can_access_clinic(clinic_id))",,"UNCLASSIFIED","UNDECIDED","UNKNOWN"
"public","staff_invites","staff_invites_creator_update","PERMISSIVE","{authenticated}","UPDATE","((created_by = ( SELECT auth.uid() AS uid)) AND app_private.can_access_clinic(clinic_id) AND (app_private.get_current_role() = ANY (ARRAY['admin'::text, 'clinic_admin'::text, 'manager'::text])))","((created_by = ( SELECT auth.uid() AS uid)) AND app_private.can_access_clinic(clinic_id) AND (app_private.get_current_role() = ANY (ARRAY['admin'::text, 'clinic_admin'::text, 'manager'::text])))","UNCLASSIFIED","UNDECIDED","UNKNOWN"
"public","staff_performance","staff_performance_delete_for_managers","PERMISSIVE","{authenticated}","DELETE","((app_private.get_current_role() = ANY (ARRAY['admin'::text, 'clinic_admin'::text, 'manager'::text])) AND app_private.can_access_clinic(clinic_id))",,"UNCLASSIFIED","UNDECIDED","UNKNOWN"
"public","staff_performance","staff_performance_insert_for_staff","PERMISSIVE","{authenticated}","INSERT",,"((app_private.get_current_role() = ANY (ARRAY['admin'::text, 'clinic_admin'::text, 'manager'::text, 'therapist'::text, 'staff'::text])) AND app_private.can_access_clinic(clinic_id))","UNCLASSIFIED","UNDECIDED","UNKNOWN"
"public","staff_performance","staff_performance_select_for_staff","PERMISSIVE","{authenticated}","SELECT","((app_private.get_current_role() = ANY (ARRAY['admin'::text, 'clinic_admin'::text, 'manager'::text, 'therapist'::text, 'staff'::text])) AND app_private.can_access_clinic(clinic_id))",,"UNCLASSIFIED","UNDECIDED","UNKNOWN"
"public","staff_performance","staff_performance_update_for_staff","PERMISSIVE","{authenticated}","UPDATE","((app_private.get_current_role() = ANY (ARRAY['admin'::text, 'clinic_admin'::text, 'manager'::text, 'therapist'::text, 'staff'::text])) AND app_private.can_access_clinic(clinic_id))",,"UNCLASSIFIED","UNDECIDED","UNKNOWN"
"public","staff_preferences","staff_preferences_delete","PERMISSIVE","{authenticated}","DELETE","((app_private.get_current_role() = ANY (ARRAY['admin'::text, 'clinic_admin'::text, 'manager'::text])) AND app_private.can_access_clinic(clinic_id))",,"UNCLASSIFIED","UNDECIDED","UNKNOWN"
"public","staff_preferences","staff_preferences_insert_policy","PERMISSIVE","{authenticated}","INSERT",,"((app_private.get_current_role() = ANY (ARRAY['admin'::text, 'clinic_admin'::text, 'manager'::text])) AND app_private.can_access_clinic(clinic_id))","UNCLASSIFIED","UNDECIDED","UNKNOWN"
"public","staff_preferences","staff_preferences_select","PERMISSIVE","{authenticated}","SELECT","((app_private.get_current_role() = ANY (ARRAY['admin'::text, 'clinic_admin'::text, 'manager'::text, 'therapist'::text, 'staff'::text])) AND app_private.can_access_clinic(clinic_id))",,"UNCLASSIFIED","UNDECIDED","UNKNOWN"
"public","staff_preferences","staff_preferences_update","PERMISSIVE","{authenticated}","UPDATE","(app_private.can_access_clinic(clinic_id) AND ((staff_id = ( SELECT auth.uid() AS uid)) OR (app_private.get_current_role() = ANY (ARRAY['admin'::text, 'clinic_admin'::text, 'manager'::text]))))",,"UNCLASSIFIED","UNDECIDED","UNKNOWN"
"public","staff_profiles","staff_profiles_select_scoped","PERMISSIVE","{authenticated}","SELECT","((( SELECT app_private.get_current_role() AS get_current_role) <> ''::text) AND (user_id = ( SELECT auth.uid() AS uid)))",,"UNCLASSIFIED","UNDECIDED","UNKNOWN"
"public","staff_shifts","staff_shifts_delete","PERMISSIVE","{authenticated}","DELETE","((app_private.get_current_role() = ANY (ARRAY['admin'::text, 'clinic_admin'::text, 'manager'::text])) AND app_private.can_access_clinic(clinic_id))",,"UNCLASSIFIED","UNDECIDED","UNKNOWN"
"public","staff_shifts","staff_shifts_insert","PERMISSIVE","{authenticated}","INSERT",,"((app_private.get_current_role() = ANY (ARRAY['admin'::text, 'clinic_admin'::text, 'manager'::text])) AND app_private.can_access_clinic(clinic_id))","UNCLASSIFIED","UNDECIDED","UNKNOWN"
"public","staff_shifts","staff_shifts_select","PERMISSIVE","{authenticated}","SELECT","((app_private.get_current_role() = ANY (ARRAY['admin'::text, 'clinic_admin'::text, 'manager'::text, 'therapist'::text, 'staff'::text])) AND app_private.can_access_clinic(clinic_id))",,"UNCLASSIFIED","UNDECIDED","UNKNOWN"
"public","staff_shifts","staff_shifts_update","PERMISSIVE","{authenticated}","UPDATE","((app_private.get_current_role() = ANY (ARRAY['admin'::text, 'clinic_admin'::text, 'manager'::text])) AND app_private.can_access_clinic(clinic_id))",,"UNCLASSIFIED","UNDECIDED","UNKNOWN"
"public","subscriptions","customer admin can read own subscription","PERMISSIVE","{authenticated}","SELECT","(app_private.is_admin() AND app_private.can_access_clinic(org_root_clinic_id))",,"UNCLASSIFIED","UNDECIDED","UNKNOWN"
"public","user_mfa_settings","Users can insert own MFA settings","PERMISSIVE","{authenticated}","INSERT",,"(( SELECT auth.uid() AS uid) = user_id)","UNCLASSIFIED","UNDECIDED","UNKNOWN"
"public","user_mfa_settings","Users can update own MFA settings","PERMISSIVE","{authenticated}","UPDATE","(( SELECT auth.uid() AS uid) = user_id)",,"UNCLASSIFIED","UNDECIDED","UNKNOWN"
"public","user_mfa_settings","user_mfa_settings_select_policy","PERMISSIVE","{authenticated}","SELECT","(((user_id = ( SELECT auth.uid() AS uid)) AND (( SELECT app_private.get_current_role() AS get_current_role) <> ''::text)) OR ((( SELECT app_private.get_current_role() AS get_current_role) = ANY (ARRAY['admin'::text, 'clinic_admin'::text, 'manager'::text])) AND app_private.can_access_clinic(clinic_id)))",,"UNCLASSIFIED","UNDECIDED","UNKNOWN"
"public","user_permissions","user_permissions_admin_manage","PERMISSIVE","{authenticated}","ALL","((app_private.get_current_role() = ANY (ARRAY['admin'::text, 'clinic_admin'::text])) AND app_private.can_access_clinic(clinic_id))","((app_private.get_current_role() = ANY (ARRAY['admin'::text, 'clinic_admin'::text])) AND app_private.can_access_clinic(clinic_id))","UNCLASSIFIED","UNDECIDED","UNKNOWN"
"public","user_permissions","user_permissions_self_select","PERMISSIVE","{authenticated}","SELECT","(staff_id = ( SELECT auth.uid() AS uid))",,"UNCLASSIFIED","UNDECIDED","UNKNOWN"
"public","user_sessions","user_sessions_admin_delete","PERMISSIVE","{authenticated}","DELETE","((app_private.get_current_role() = ANY (ARRAY['admin'::text, 'clinic_admin'::text])) AND app_private.can_access_clinic(clinic_id))",,"UNCLASSIFIED","UNDECIDED","UNKNOWN"
"public","user_sessions","user_sessions_admin_select","PERMISSIVE","{authenticated}","SELECT","((app_private.get_current_role() = ANY (ARRAY['admin'::text, 'clinic_admin'::text])) AND app_private.can_access_clinic(clinic_id))",,"UNCLASSIFIED","UNDECIDED","UNKNOWN"
"public","user_sessions","user_sessions_self_insert","PERMISSIVE","{authenticated}","INSERT",,"((( SELECT auth.uid() AS uid) = user_id) AND app_private.can_access_clinic(clinic_id))","UNCLASSIFIED","UNDECIDED","UNKNOWN"
"public","user_sessions","user_sessions_self_select","PERMISSIVE","{authenticated}","SELECT","((( SELECT auth.uid() AS uid) = user_id) AND app_private.can_access_clinic(clinic_id))",,"UNCLASSIFIED","UNDECIDED","UNKNOWN"
"public","user_sessions","user_sessions_self_update","PERMISSIVE","{authenticated}","UPDATE","((( SELECT auth.uid() AS uid) = user_id) AND app_private.can_access_clinic(clinic_id))",,"UNCLASSIFIED","UNDECIDED","UNKNOWN"
"public","visit_stage_definitions","visit_stage_definitions_select_for_authenticated","PERMISSIVE","{authenticated}","SELECT","true",,"UNCLASSIFIED","UNDECIDED","UNKNOWN"
